<?xml version="1.0" encoding="UTF-8"?>
<!-- This file is not required if you don't need any extra configuration. -->
<faces-config version="2.0" xmlns="http://java.sun.com/xml/ns/javaee"
              xmlns:xsi="http://www.w3.org/2001/XMLSchema-instance"
              xsi:schemaLocation="http://java.sun.com/xml/ns/javaee
              http://java.sun.com/xml/ns/javaee/web-facesconfig_2_0.xsd">

    <!-- Note Edit Page -->
    <navigation-rule>
        <from-view-id>/note.xhtml</from-view-id>
        <navigation-case>
            <from-action>#{editNoteController.save}</from-action>
            <if>#{not facesContext.isValidationFailed()}</if>
            <to-view-id>/index.xhtml</to-view-id>
            <redirect/>
        </navigation-case>
        <navigation-case>
            <from-outcome>cancel</from-outcome>
            <to-view-id>/index.xhtml</to-view-id>
            <redirect/>
        </navigation-case>
    </navigation-rule>

</faces-config>
